{
    "accuracy": 0.520891364902507,
    "classification_report": {
        "0": {
            "precision": 0.5023255813953489,
            "recall": 0.6242774566473989,
            "f1-score": 0.5567010309278351,
            "support": 173.0
        },
        "1": {
            "precision": 0.5486111111111112,
            "recall": 0.42473118279569894,
            "f1-score": 0.47878787878787876,
            "support": 186.0
        },
        "accuracy": 0.520891364902507,
        "macro avg": {
            "precision": 0.52546834625323,
            "recall": 0.5245043197215489,
            "f1-score": 0.5177444548578569,
            "support": 359.0
        },
        "weighted avg": {
            "precision": 0.5263063850920948,
            "recall": 0.520891364902507,
            "f1-score": 0.5163337710447379,
            "support": 359.0
        }
    },
    "confusion_matrix": [
        [
            108,
            65
        ],
        [
            107,
            79
        ]
    ]
}